{"loss": [7.440687656402588, 3.7073287963867188, 3.642451763153076, 3.316709518432617, 3.077191114425659, 2.8031651973724365, 2.4516098499298096, 2.0854713916778564, 1.689278483390808, 1.3982270956039429, 1.1379613876342773, 1.0033175945281982, 0.7812584638595581, 0.7393384575843811, 0.6239332556724548, 0.5460723042488098, 0.5102478861808777, 0.48350444436073303, 0.4420137107372284, 0.44028061628341675, 0.4229012131690979, 0.3825964033603668, 0.37631678581237793, 0.36328932642936707, 0.3516083061695099, 0.3215653896331787, 0.25589069724082947, 0.33371227979660034, 0.2610490024089813, 0.28814515471458435], "accuracy": [0.03242375701665878, 0.05521669238805771, 0.056821830570697784, 0.0940609946846962, 0.14542536437511444, 0.2224719077348709, 0.29695025086402893, 0.3967897295951843, 0.51203852891922, 0.5948635339736938, 0.6712680459022522, 0.7226324081420898, 0.7714285850524902, 0.7977527976036072, 0.8192616105079651, 0.8449438214302063, 0.8667736649513245, 0.8725521564483643, 0.8805778622627258, 0.8808988928794861, 0.8940609693527222, 0.898876428604126, 0.896308183670044, 0.9126805663108826, 0.9158908724784851, 0.9174959659576416, 0.9293739795684814, 0.9178169965744019, 0.9370786547660828, 0.9316211938858032], "val_loss": [3.550121545791626, 3.434138298034668, 3.3350396156311035, 3.165337085723877, 2.868053674697876, 2.0218489170074463, 1.8169317245483398, 1.096383810043335, 0.7703455686569214, 0.61262446641922, 0.4638751745223999, 0.528598427772522, 0.4469337463378906, 0.4284627437591553, 0.4896993935108185, 0.5139683485031128, 0.37803640961647034, 0.3562732934951782, 0.5403997302055359, 0.4303337633609772, 0.4063139855861664, 0.4064326286315918, 0.3952316343784332, 0.41613608598709106, 0.3306140899658203, 0.4645960032939911, 0.4362068176269531, 0.4536016285419464, 0.6031893491744995, 0.7591347694396973], "val_accuracy": [0.05128205195069313, 0.07407407462596893, 0.07977207750082016, 0.20512820780277252, 0.22507122159004211, 0.5185185074806213, 0.5470085740089417, 0.7236467003822327, 0.8290598392486572, 0.8831908702850342, 0.9059829115867615, 0.9031339287757874, 0.9145299196243286, 0.9145299196243286, 0.9145299196243286, 0.9145299196243286, 0.9173789024353027, 0.9373219609260559, 0.8974359035491943, 0.9287749528884888, 0.9373219609260559, 0.9373219609260559, 0.9373219609260559, 0.9287749528884888, 0.934472918510437, 0.9202279448509216, 0.934472918510437, 0.94017094373703, 0.8860399127006531, 0.934472918510437]}